<?xml version="1.0" encoding="UTF-8" standalone="yes"?>
<addon id="repo.kodi.es" name="repo.kodi.es" version="1.0.1" provider-name="repo.kodi.es">
    <extension point="xbmc.addon.repository" name="repo.kodi.es">
        <info>https://raw.githubusercontent.com/CodigoLibreX/repo.kodi.es/master/addons.xml</info>
        <checksum>https://raw.githubusercontent.com/CodigoLibreX/repo.kodi.es/master/addons.xml.md5</checksum>
        <datadir zip="true">https://raw.githubusercontent.com/CodigoLibreX/master/repo.kodi.es</datadir>
    </extension>
    <extension point="xbmc.addon.metadata">
        <summary>Repositorio para Mi</summary>
        <description></description>
        <disclaimer></disclaimer>
        <platform>all</platform>
    </extension>
</addon>
