<?xml version="1.0" encoding="UTF-8"?>
<addon
  id="plugin.video.SportsDevilesp"
  version="2018.11.05"
  name="SportsDevilesp"
  provider-name="SportsDevil">
  <requires>
   <import addon="xbmc.python" version="2.14.0"/>
   <import addon="script.module.dateutil" />
   <import addon="script.module.simplejson" />
   <import addon="script.module.six" />
   <import addon="script.module.requests" />   
   <import addon="plugin.video.f4mTester" />
   <import addon="script.module.slproxy" />
  </requires>
  <extension 
    point="xbmc.python.pluginsource"
    library="default.py">
   <provides>video</provides>
  </extension>
  <extension point="xbmc.addon.repository" name="repo.kodi.es">
        <info>https://raw.githubusercontent.com/CodigoLibreX/repo.kodi.es/master/addons.xml</info>
        <checksum>https://raw.githubusercontent.com/CodigoLibreX/repo.kodi.es/master/addons.xml.md5</checksum>
        <datadir zip="true">https://raw.githubusercontent.com/CodigoLibreX/master/repo.kodi.es</datadir>
    </extension>
  <!-- <extension point="xbmc.service" library="service/streamlink_proxy.py" /> -->
  <extension point="xbmc.addon.metadata">
    <summary lang="en">SportsDevilesp</summary>
    <description lang="en">[I]SportsDevil mod España[/I][CR][CR]Unofficial Kodi Addon.</description>
    <disclaimer lang="en"></disclaimer>
    <license>GNU GENERAL PUBLIC LICENSE. Version 2, June 1991</license>
    <platform>all</platform>
  </extension>
</addon>
